{"cameraMode":{"drawMode":0,"name":"Shaded","section":"Shading Mode"},"sceneLighting":false,"audioPlay":false,"sceneViewState":{"m_AlwaysRefresh":false,"showFog":true,"showSkybox":false,"showFlares":true,"showImageEffects":true,"showParticleSystems":true,"showVisualEffectGraphs":true,"m_FxEnabled":true},"in2DMode":false,"pivot":{"x":5.606624603271484,"y":10.706327438354493,"z":15.186800003051758},"rotation":{"x":0.018857795745134355,"y":-0.9769038558006287,"z":0.18929430842399598,"w":0.09732246398925781},"size":2.7020018100738527,"orthographic":false}